{
  "options": {
    "summaryTrendStats": [
      "avg",
      "min",
      "med",
      "max",
      "p(90)",
      "p(95)"
    ],
    "summaryTimeUnit": "",
    "noColor": false
  },
  "state": {
    "isStdOutTTY": false,
    "isStdErrTTY": false,
    "testRunDurationMs": 270227.625708
  },
  "metrics": {
    "http_req_receiving": {
      "type": "trend",
      "contains": "time",
      "values": {
        "p(90)": 0.14545850000000002,
        "p(95)": 0.2480309999999994,
        "avg": 0.1055356102966396,
        "min": 0.003958,
        "med": 0.039291,
        "max": 61.876917
      }
    },
    "vus_max": {
      "contains": "default",
      "values": {
        "value": 50,
        "min": 33,
        "max": 50
      },
      "type": "gauge"
    },
    "vus": {
      "contains": "default",
      "values": {
        "value": 1,
        "min": 0,
        "max": 50
      },
      "type": "gauge"
    },
    "http_reqs": {
      "type": "counter",
      "contains": "default",
      "values": {
        "count": 46656,
        "rate": 172.65444226052261
      }
    },
    "checks": {
      "type": "rate",
      "contains": "default",
      "values": {
        "rate": 1,
        "passes": 46656,
        "fails": 0
      }
    },
    "iteration_duration": {
      "type": "trend",
      "contains": "time",
      "values": {
        "avg": 531.2212831806207,
        "min": 503.263375,
        "med": 516.579208,
        "max": 3181.950709,
        "p(90)": 565.9179417,
        "p(95)": 600.3110314
      }
    },
    "http_req_duration{expected_response:true}": {
      "type": "trend",
      "contains": "time",
      "values": {
        "p(90)": 19.216812500000014,
        "p(95)": 32.83299975,
        "avg": 9.36522481785842,
        "min": 0.304334,
        "med": 4.4245415,
        "max": 2312.808501
      }
    },
    "http_req_sending": {
      "type": "trend",
      "contains": "time",
      "values": {
        "p(90)": 0.048166,
        "p(95)": 0.09326049999999991,
        "avg": 0.04813631860853923,
        "min": 0.001875,
        "med": 0.012542,
        "max": 68.273084
      }
    },
    "http_req_waiting": {
      "values": {
        "min": 0.295792,
        "med": 4.3348960000000005,
        "max": 2307.232667,
        "p(90)": 18.932166500000005,
        "p(95)": 32.28160475,
        "avg": 9.211552888953165
      },
      "type": "trend",
      "contains": "time"
    },
    "http_req_failed": {
      "thresholds": {
        "rate<0.10": {
          "ok": true
        }
      },
      "type": "rate",
      "contains": "default",
      "values": {
        "rate": 0,
        "passes": 0,
        "fails": 46656
      }
    },
    "http_req_blocked": {
      "values": {
        "avg": 0.028112380701303216,
        "min": 0.0005,
        "med": 0.00325,
        "max": 69.575208,
        "p(90)": 0.015,
        "p(95)": 0.03145825
      },
      "type": "trend",
      "contains": "time"
    },
    "data_received": {
      "contains": "data",
      "values": {
        "count": 10904219,
        "rate": 40351.97723190144
      },
      "type": "counter"
    },
    "data_sent": {
      "contains": "data",
      "values": {
        "count": 11524032,
        "rate": 42645.64723834908
      },
      "type": "counter"
    },
    "http_req_connecting": {
      "type": "trend",
      "contains": "time",
      "values": {
        "p(90)": 0,
        "p(95)": 0,
        "avg": 0.00766612257801783,
        "min": 0,
        "med": 0,
        "max": 22.273917
      }
    },
    "http_req_tls_handshaking": {
      "type": "trend",
      "contains": "time",
      "values": {
        "avg": 0,
        "min": 0,
        "med": 0,
        "max": 0,
        "p(90)": 0,
        "p(95)": 0
      }
    },
    "iterations": {
      "type": "counter",
      "contains": "default",
      "values": {
        "rate": 57.55148075350753,
        "count": 15552
      }
    },
    "http_req_duration": {
      "type": "trend",
      "contains": "time",
      "values": {
        "min": 0.304334,
        "med": 4.4245415,
        "max": 2312.808501,
        "p(90)": 19.216812500000014,
        "p(95)": 32.83299975,
        "avg": 9.36522481785842
      },
      "thresholds": {
        "p(95)<2000": {
          "ok": true
        },
        "p(99)<5000": {
          "ok": true
        }
      }
    }
  },
  "root_group": {
    "checks": [
      {
        "name": "충전 성공 (200)",
        "path": "::충전 성공 (200)",
        "id": "02f6a33c04693e40e3424cd3de533120",
        "passes": 15552,
        "fails": 0
      },
      {
        "name": "구매 성공 (201)",
        "path": "::구매 성공 (201)",
        "id": "ead1511cbf236cdea108628de22c5332",
        "passes": 15552,
        "fails": 0
      },
      {
        "passes": 15552,
        "fails": 0,
        "name": "사용 성공 (200)",
        "path": "::사용 성공 (200)",
        "id": "9420ee59a3e06b22b05eb0411095edf9"
      }
    ],
    "name": "",
    "path": "",
    "id": "d41d8cd98f00b204e9800998ecf8427e",
    "groups": []
  }
}